cedula,primer_nombre,segundo_nombre,primer_apellido,segundo_apellido,direccion,telefono,correo
1111,Maria,,,Alvarez,,671.0,rsnaith0@symantec.com
2222,Jose,Pedro,Martinez,,Calle 3 No. 2 - 3,202.0,@pcworld.com
3333,,Oscar,Garcia,Ruiz,Calle 2 # 5 - 7,991.0,dcarefull2@wikimedia.org
4444,Luz,,Gomez,Suarez,Cll 21 No. 4 - 6,,mtrathan3@ca.gov
5555,Ana,Blanca,Lopez,Herrera,,967.0,sluis4@vk.c
6666,Carlos,Jesus,Gonzalez,Romero,Calle 3 No. 2 - 4,244.0,saggas5@.com
7777,Juan,Jhon,Hernandez,Quintero,Calle 2 # 5 - 8,413.0,apuncher6linkedin.com
8888,Jorge,,,Morales,Cll 21 No. 4 - 7,101.0,dmarkovich7@trellian.com
9999e,,Rosa,Perez,Giraldo,Cll 1 # 12 - 5,355.0,lescott8@timesonline.co.uk
1010,Sandra,Diana,Ramirez,Rivera,Calle 3 No. 2 - 5,304.0,koharney9@businessinsider.com
1011,Maria,Claudia,Ramirez,Arias,,387.0,ssmailsa@livejournal.com
1012,Jose6,Jaime,,Torres,Calle 3 No. 2 - 4,137.0,sgatheralb@prweb.com
1013,Luis 77,Hector,Sanchez,Mu√±oz,Calle 2 # 5 - 8,792.0,glownesc@nasa.gov
1014,Luz,Alba,Hernandez,Rojas,Cll 21 No. 4 - 7,,mgronousd@guardian.co.uk
1015,,Olga,Gonzalez,Moreno,Cll 1 # 12 - 5,412.0,manscotte@sina.com.cn
1016,Carlos,Jairo,,Vargas,Calle 3 No. 2 - 5,,vtinkerf@people.com.cn
1017,Juan,Julio,Gomez,Ortiz,Calle 2 # 5 - 9,206.0,cbertrandg@nymag.com
1018*,Jorge,Victor,Garcia,Jimenez,,429.0,knutkinh@google.com
1019,Martha,,Martinez,Castro,Cll 1 # 12 - 6,795.0,lkippeni@bing.com
1020,Sandra,Alba,Rodriguez,Gutierrez,Calle 3 No. 2 - 6,163.0,amcmillianj@constantcontact.com
1111,,Gloria,Rodriguez,Alvarez,Cll 1 # 12 - 3,671.0,ehebbesk@google.com.hk
1111,Mariita,,Rodriguez,,Calle 3 No. 2 - 3,,pvardiel@stumbleupon.com
1111,Maria Gloria,,,Alvarez,,671.0,hgobolosm@mozilla.org
2222,Jose,Pedro,Martinez,Valencia,Calle 3 No. 2 - 3,202.0,nmallenn@theatlantic.com
4444,,Carmen,Gomez,Suarez,Cll 21 No. 4 - 6,579.0,tthwaiteo@irs.gov
8888,Jorge Manuel,,,Morales,Cll 21 No. 4 - 7,101.0,enursep@over-blog.com
1011,Maria,,Ramirez,Arias,,387.0,mferneq@webs.com
